Nr.,Severity,Status,Note,Suggestion,Screenshot,Date,Created by,Page URL,Page name,Kanban column,Guideline,Rule,Device,Window width (px),Window height (px),Browser,OS,Project domain,Project name
1,Neutral,Active,needs to be in line with the logo - and in pacifico,,https://heurioprodsa.blob.core.windows.net/attachments/2d6a4272-30ee-4449-87d8-db32a408dccd.jpeg,2026-08-27T22:24:34,Anthony Cassella,localhost/index.html,Atomic Finds ATX — Far-out finds down-to-earth prices,ToDo,,,Desktop,1425,732,chrome - 150,MacOS,localhost,Atimic Finds
2,Neutral,Active,logo needs to be larger,,https://heurioprodsa.blob.core.windows.net/attachments/a0fb9ea0-71e4-4aac-b547-db109f8c4b06.jpeg,2026-08-27T22:24:53,Anthony Cassella,localhost/index.html,Atomic Finds ATX — Far-out finds down-to-earth prices,ToDo,,,Desktop,1425,732,chrome - 150,MacOS,localhost,Atimic Finds
3,Low,Active,Tiny Time Machine Should be larger and in Pacifico - please update specs as this is new not a miss,,https://heurioprodsa.blob.core.windows.net/attachments/16e1d577-5b7e-40c6-8e22-789a711f99c3.jpeg,2026-08-27T22:25:22,Anthony Cassella,localhost/index.html,Atomic Finds ATX — Far-out finds down-to-earth prices,ToDo,,,Desktop,1425,732,chrome - 150,MacOS,localhost,Atimic Finds
4,Neutral,Active,center the eyebrow,,https://heurioprodsa.blob.core.windows.net/attachments/d185fedf-8601-4fdf-95f1-6a4b5b6372ab.jpeg,2026-08-27T22:26:18,Anthony Cassella,localhost/index.html,Atomic Finds ATX — Far-out finds down-to-earth prices,ToDo,,,Desktop,1425,732,chrome - 150,MacOS,localhost,Atimic Finds
5,Neutral,Active,Turn the links into icons please and use the brand orange ,,https://heurioprodsa.blob.core.windows.net/attachments/142eef4c-102f-492c-a805-dabc08438499.jpeg,2026-08-27T22:26:56,Anthony Cassella,localhost/index.html,Atomic Finds ATX — Far-out finds down-to-earth prices,ToDo,,,Desktop,1425,732,chrome - 150,MacOS,localhost,Atimic Finds
6,Neutral,Active,change to "Our Story",,https://heurioprodsa.blob.core.windows.net/attachments/dd489909-8368-4f86-91af-32075b51e44b.jpeg,2026-08-27T22:27:39,Anthony Cassella,localhost/index.html,Atomic Finds ATX — Far-out finds down-to-earth prices,ToDo,,,Desktop,1425,732,chrome - 150,MacOS,localhost,Atimic Finds
7,Neutral,Active,Photo should be larger - same height as the text,,https://heurioprodsa.blob.core.windows.net/attachments/4d63a48a-fc02-4b5d-883f-c274ab7f7c6a.jpeg,2026-08-27T22:28:02,Anthony Cassella,localhost/index.html,Atomic Finds ATX — Far-out finds down-to-earth prices,ToDo,,,Desktop,1425,732,chrome - 150,MacOS,localhost,Atimic Finds
8,Neutral,Active,Check the design specs inside assets/template-designs - the product photo needs to take up more space and the expandable feature buttons need to move up and ope downward - in general the cards have too much negative space in the default state which kind of makes the expandable feature seem pointless,,https://heurioprodsa.blob.core.windows.net/attachments/1cc934c0-8373-4b15-af12-d4802468f759.jpeg,2026-08-27T22:30:44,Anthony Cassella,localhost/index.html,Atomic Finds ATX — Far-out finds down-to-earth prices,ToDo,,,Desktop,1425,732,chrome - 150,MacOS,localhost,Atimic Finds
9,Neutral,Active,Nacho needs a fixed size - he is currently too vertically smooshed - I think take him out of the clipping mask circle and give him some animation. the objects /stars that are part of his photo have individual versions inside motifs - sparkle and starburst - add a dozen (6 of each) in varying sizes  and give them a swinkle animation  and a reaction to mouse or skroll - twinkle + a subtle yet dramatic scroll animation that reveals Nacho,,https://heurioprodsa.blob.core.windows.net/attachments/315fb499-897a-442e-88fa-70c65f3d1543.jpeg,2026-08-27T22:34:28,Anthony Cassella,localhost/index.html,Atomic Finds ATX — Far-out finds down-to-earth prices,ToDo,,,Desktop,1425,732,chrome - 150,MacOS,localhost,Atimic Finds
10,Neutral,Active,lets make these photos larger and give them a viewport in the style of the product cards with a back pattern and the expandable feature that shows off the photo in a larger view with product info (not buyer details) - the cards should also scroll automatically in vertically and slowly- stopping when presses,,https://heurioprodsa.blob.core.windows.net/attachments/88ea9df4-e7fb-43df-9283-84b4393d7cf0.jpeg,2026-08-27T22:36:48,Anthony Cassella,localhost/index.html,Atomic Finds ATX — Far-out finds down-to-earth prices,ToDo,,,Desktop,1425,732,chrome - 150,MacOS,localhost,Atimic Finds
11,Neutral,Active,the cards for this  section should actually look like a social media card as though its a live connection but with an atomic touch ,,https://heurioprodsa.blob.core.windows.net/attachments/c1ac8a09-2daf-4a30-a56a-1a6c077abed1.jpeg,2026-08-27T22:37:41,Anthony Cassella,localhost/index.html,Atomic Finds ATX — Far-out finds down-to-earth prices,ToDo,,,Desktop,1425,732,chrome - 150,MacOS,localhost,Atimic Finds
12,Neutral,Active,the profile badge should vary in color per review ,,https://heurioprodsa.blob.core.windows.net/attachments/54de05fa-efdc-4bb8-a78d-8489339ca84d.jpeg,2026-08-27T22:38:15,Anthony Cassella,localhost/index.html,Atomic Finds ATX — Far-out finds down-to-earth prices,ToDo,,,Desktop,1425,732,chrome - 150,MacOS,localhost,Atimic Finds
13,High,Active,please move this newsletter sign up to the footer and create a link to a new contact page with a full form on it that is like the current form on atomicfindsatx.store but more in depth with delivery options product selection or just a question . ,<form class="af-contact-form" novalidate=""><h3 data-en="Send a Message" data-es="Envía un Mensaje">Send a Message</h3><div class="af-field"><label class="af-label" for="af-name" data-en="Your Name" data-es="Tu Nombre">Your Name</label><input id="af-name" class="af-input" type="text" placeholder="Jane Smith" name="name"></div><div class="af-field"><label class="af-label" for="af-email" data-en="Email Address" data-es="Dirección de Correo">Email Address</label><input id="af-email" class="af-input" type="email" placeholder="jane@example.com" name="email"></div><div class="af-field"><label class="af-label" for="af-message" data-en="Message" data-es="Mensaje">Message</label><textarea id="af-message" class="af-textarea" rows="4" placeholder="Tell us what you're looking for or ask about a specific piece..." name="message"></textarea></div><button class="af-btn" type="submit" data-en="Send Message" data-es="Enviar Mensaje">Send Message</button></form>,https://heurioprodsa.blob.core.windows.net/attachments/9b69fac5-c982-4fb6-afd3-f71ee2b9852a.jpeg,2026-08-27T22:43:25,Anthony Cassella,localhost/index.html,Atomic Finds ATX — Far-out finds down-to-earth prices,ToDo,,,Desktop,1425,732,chrome - 150,MacOS,localhost,Atimic Finds
14,Neutral,Active,remove link underlines please,,https://heurioprodsa.blob.core.windows.net/attachments/93a2157b-8b48-4a95-b578-94942e763b64.jpeg,2026-08-27T22:44:26,Anthony Cassella,localhost/index.html,Atomic Finds ATX — Far-out finds down-to-earth prices,ToDo,,,Desktop,1425,732,chrome - 150,MacOS,localhost,Atimic Finds
15,Neutral,Active,please remove my name and add Digital Allies with a link to digitalallies.net in place of my name - no underline please,,https://heurioprodsa.blob.core.windows.net/attachments/ebfbacd6-8a58-433c-bc13-7166451a9145.jpeg,2026-08-27T22:45:07,Anthony Cassella,localhost/index.html,Atomic Finds ATX — Far-out finds down-to-earth prices,ToDo,,,Desktop,1425,732,chrome - 150,MacOS,localhost,Atimic Finds
16,Neutral,Active,we need to add an faq section - accordian style but in the brand version of expandable left to right ,,https://heurioprodsa.blob.core.windows.net/attachments/1efedb92-a2cd-46b7-bddc-3b8791bb278a.jpeg,2026-08-27T22:45:54,Anthony Cassella,localhost/index.html,Atomic Finds ATX — Far-out finds down-to-earth prices,ToDo,,,Desktop,1425,732,chrome - 150,MacOS,localhost,Atimic Finds
17,Critical,Active,This should should go above the text I think and wider ,,https://heurioprodsa.blob.core.windows.net/attachments/3b12b726-53b3-46c6-8e15-0fb2efdb0dbc.jpeg,2026-08-27T23:56:41,Anthony Cassella,localhost/,Atomic Finds ATX — Far-out finds down-to-earth prices,ToDo,,,Desktop,1425,732,chrome - 150,MacOS,localhost,Atimic Finds
18,High,Active,the site padding needs to lighten up a bit side to side - there isn't enough room for some of the desktop elements. ,,https://heurioprodsa.blob.core.windows.net/attachments/2f7aa092-a65e-4b75-9b31-d2d3ddba4062.jpeg,2026-08-27T23:57:23,Anthony Cassella,localhost/,Atomic Finds ATX — Far-out finds down-to-earth prices,ToDo,,,Desktop,1425,732,chrome - 150,MacOS,localhost,Atimic Finds